,Job title,Company Name,Post Day
0,Web Scraping Expert (Scrapy),FullStackTechies,Active 3 days ago
1,Associate / Software - Engineer- Web Scraping Team (Remote),Promptcloud,Posted 30+ days ago
2,Engineer / Senior Engineer/ Manager (Web Scraping),NielsenIQ,Posted 30+ days ago
3,Python Developer (Web Scrapping),Coleda B2B,Today
4,Data Engineering (Web scraping),Taiyo.Ai,Active 11 days ago
5,AI/ML Engineer,"Courtroom Insight, Inc.",Active 3 days ago
6,Python web scraping / Crawling / Job Id: ed6d / 0.6-4+year exp.,Gmware Private Limited,Just posted
7,Web Developer,SPY Graphix,Posted 19 days ago
8,Python Developer,Taiyo.Ai,Active 3 days ago
9,Web Scraping Engineer,InteleANTS,Posted 30+ days ago
10,Web Scraping Template Engineer,Manipal Dot Net,Posted 30+ days ago
11,Seeking Web Scraping Developer,Requisite Technologies Pvt Ltd,Active 6 days ago
12,Python Developer,Heptarc Technology Solution,Posted 30+ days ago
13,Node.js Engineer (Web Automation and Web Scraping),DataWeave,Posted 30+ days ago
14,Data Analyst-Engineering & Construction,Lloyd Insulations (India) Ltd,Active 4 days ago
